Community Lot ID,NH Task Name,Tickets Name,Created By: Full Name,Design QA Score,Design QA Date,Design QA Result
a3TUS00000B1eoZ,Design QA,QA-001,Mary Genevieve Mendoza,100,9/4/2026,Pass
a3TUS00000B1HiN,Design QA,QA-001,Mary Genevieve Mendoza,100,6/25/2026,Pass
a3TUS00000B1dlt,Design QA,QA-001,Mary Genevieve Mendoza,98,6/15/2026,Fail
a3TUS00000B1p0u,Design QA,QA-001,Mary Genevieve Mendoza,100,6/17/2026,Pass
a3TUS00000B3OAm,Design QA,QA-001,Mary Genevieve Mendoza,96,5/29/2026,Fail
a3TUS00000B3OAl,Design QA,QA-001,Mary Genevieve Mendoza,100,5/28/2026,Pass
a3TUS00000B3OAn,Design QA,QA-001,Mary Genevieve Mendoza,96,5/29/2026,Fail
a3TUS00000B3OAo,Design QA,QA-001,Mary Genevieve Mendoza,100,5/28/2026,Pass
a3TUS00000B4n5T,Design QA,QA-001,Mary Genevieve Mendoza,99,7/13/2026,Fail
a3TUS00000B4n5W,Design QA,QA-001,Mary Genevieve Mendoza,98,7/13/2026,Fail
a3TUS00000B4n5U,Design QA,QA-001,Mary Genevieve Mendoza,100,7/13/2026,Pass
a3TUS00000B4n5V,Design QA,QA-001,Mary Genevieve Mendoza,100,7/13/2026,Pass
a3TUS00000B1jwK,Design QA,QA-001,Mary Genevieve Mendoza,100,6/3/2026,Pass
a3TUS00000B1bx0,Design QA,QA-001,Mary Genevieve Mendoza,100,9/4/2026,Pass
a3TiL0000000CkL,Design QA,QA-001,Mary Genevieve Mendoza,99,9/9/2026,Fail
a3TUS00000B1aRD,Design QA,QA-001,Mary Genevieve Mendoza,100,8/11/2026,Pass
a3TUS00000B0rUX,Design QA,QA-001,Mary Genevieve Mendoza,100,6/5/2026,Pass
a3TUS00000B0ujN,Design QA,QA-001,Mary Genevieve Mendoza,100,6/16/2026,Pass
a3TUS00000BrgXT,Design QA,QA-001,Mary Genevieve Mendoza,100,7/17/2026,Pass
a3TUS00000B19cR,Design QA,QA-001,Mary Genevieve Mendoza,100,8/28/2026,Pass
a3TUS00000B1JFm,Design QA,QA-001,Mary Genevieve Mendoza,100,6/24/2026,Pass
a3TUS00000BldPO,Design QA,QA-001,Mary Genevieve Mendoza,100,7/15/2026,Pass
a3TUS00000BldPP,Design QA,QA-001,Mary Genevieve Mendoza,100,7/15/2026,Pass
a3TUS00000B16v8,Design QA,QA-001,Mary Genevieve Mendoza,100,7/21/2026,Pass
a3TUS00000BldPQ,Design QA,QA-001,Mary Genevieve Mendoza,100,7/15/2026,Pass
a3TUS00000B0oeW,Design QA,QA-001,Mary Genevieve Mendoza,100,6/15/2026,Pass
a3TUS00000B0oem,Design QA,QA-001,Mary Genevieve Mendoza,100,8/4/2026,Pass
a3TUS00000B1Xm8,Design QA,QA-001,Mary Genevieve Mendoza,100,7/29/2026,Pass
a3TUS00000B1YUF,Design QA,QA-001,Mary Genevieve Mendoza,100,6/25/2026,Pass
a3TUS00000B17Ar,Design QA,QA-001,Mary Genevieve Mendoza,100,6/1/2026,Pass
a3TiL0000003Tbm,Design QA,QA-001,Mary Genevieve Mendoza,100,9/7/2026,Pass
a3TiL0000003Tbn,Design QA,QA-001,Mary Genevieve Mendoza,100,9/8/2026,Pass
a3TiL0000003Tbl,Design QA,QA-001,Mary Genevieve Mendoza,100,9/7/2026,Pass
a3TUS00000B1p46,Design QA,QA-001,Mary Genevieve Mendoza,100,8/19/2026,Pass
a3TUS00000B0r3a,Design QA,QA-001,Mary Genevieve Mendoza,100,7/27/2026,Pass
a3TUS00000Bj6Fp,Design QA,QA-001,Mary Genevieve Mendoza,100,7/14/2026,Pass
a3TUS00000B1G0x,Design QA,QA-001,Mary Genevieve Mendoza,100,6/25/2026,Pass
a3TUS00000Bj6hF,Design QA,QA-001,Mary Genevieve Mendoza,100,7/15/2026,Pass
a3TUS00000B0rhW,Design QA,QA-001,Mary Genevieve Mendoza,100,8/28/2026,Pass
a3TUS00000B0rhX,Design QA,QA-001,Mary Genevieve Mendoza,100,8/20/2026,Pass
a3TUS00000B1eMS,Design QA,QA-001,Mary Genevieve Mendoza,100,9/2/2026,Pass
a3TUS00000B19YU,Design QA,QA-001,Mary Genevieve Mendoza,100,6/16/2026,Pass
a3TUS00000BrwVl,Design QA,QA-001,Mary Genevieve Mendoza,100,9/3/2026,Pass
a3TUS00000BrwVm,Design QA,QA-001,Mary Genevieve Mendoza,100,7/20/2026,Pass
a3TUS00000BrwVo,Design QA,QA-001,Mary Genevieve Mendoza,100,7/20/2026,Pass
a3TUS00000BrwVn,Design QA,QA-001,Mary Genevieve Mendoza,100,7/20/2026,Pass
a3TUS00000BlnIJ,Design QA,QA-001,Mary Genevieve Mendoza,99,7/24/2026,Fail
a3TUS00000BlnIH,Design QA,QA-001,Mary Genevieve Mendoza,100,7/15/2026,Pass
a3TUS00000BlnII,Design QA,QA-001,Mary Genevieve Mendoza,99,7/24/2026,Fail
a3TUS00000BlnIK,Design QA,QA-001,Mary Genevieve Mendoza,99,7/24/2026,Fail
a3TUS00000B1jGn,Design QA,QA-001,Mary Genevieve Mendoza,100,9/2/2026,Pass
a3TUS00000B0uXl,Design QA,QA-001,Mary Genevieve Mendoza,100,5/28/2026,Pass
a3TUS00000B1B39,Design QA,QA-001,Mary Genevieve Mendoza,100,6/15/2026,Pass
a3TUS00000B2upN,Design QA,QA-001,Mary Genevieve Mendoza,100,6/5/2026,Pass
a3TUS00000BrrSt,Design QA,QA-001,Mary Genevieve Mendoza,100,7/19/2026,Pass
a3TUS00000B1ksp,Design QA,QA-001,Mary Genevieve Mendoza,100,8/18/2026,Pass
a3TUS00000BrrSu,Design QA,QA-001,Mary Genevieve Mendoza,100,7/20/2026,Pass
a3TUS00000BrrSv,Design QA,QA-001,Mary Genevieve Mendoza,100,7/20/2026,Pass
a3TUS00000B0sTB,Design QA,QA-001,Mary Genevieve Mendoza,100,6/1/2026,Pass
a3TUS00000C94iD,Design QA,QA-001,Mary Genevieve Mendoza,100,8/3/2026,Pass
a3TUS00000C94iF,Design QA,QA-001,Mary Genevieve Mendoza,100,8/4/2026,Pass
a3TUS00000C94iE,Design QA,QA-001,Mary Genevieve Mendoza,100,8/3/2026,Pass
a3TUS00000B1Lli,Design QA,QA-001,Mary Genevieve Mendoza,100,8/14/2026,Pass
a3TUS00000B1tk8,Design QA,QA-001,Mary Genevieve Mendoza,100,6/16/2026,Pass
a3TUS00000C94iG,Design QA,QA-001,Mary Genevieve Mendoza,100,8/4/2026,Pass
a3TUS00000B16gt,Design QA,QA-001,Mary Genevieve Mendoza,100,8/20/2026,Pass
a3TUS00000B0oRn,Design QA,QA-001,Mary Genevieve Mendoza,100,8/12/2026,Pass
a3TUS00000C940g,Design QA,QA-001,Mary Genevieve Mendoza,100,8/3/2026,Pass
a3TUS00000C940f,Design QA,QA-001,Mary Genevieve Mendoza,99,8/3/2026,Fail
a3TUS00000B1Z8D,Design QA,QA-001,Mary Genevieve Mendoza,100,6/1/2026,Pass
a3TUS00000BlpVO,Design QA,QA-001,Mary Genevieve Mendoza,100,7/24/2026,Pass
a3TUS00000B19YL,Design QA,QA-001,Mary Genevieve Mendoza,100,6/3/2026,Pass
a3TUS00000B1aZT,Design QA,QA-001,Mary Genevieve Mendoza,100,5/26/2026,Pass
a3TUS00000BlpVN,Design QA,QA-001,Mary Genevieve Mendoza,100,9/3/2026,Pass
a3TUS00000Bry7o,Design QA,QA-001,Mary Genevieve Mendoza,100,7/20/2026,Pass
a3TUS00000Bry7m,Design QA,QA-001,Mary Genevieve Mendoza,100,7/20/2026,Pass
a3TUS00000Bry7r,Design QA,QA-001,Mary Genevieve Mendoza,100,7/21/2026,Pass
a3TUS00000Bry7p,Design QA,QA-001,Mary Genevieve Mendoza,100,7/21/2026,Pass
a3TUS00000Bry7n,Design QA,QA-001,Mary Genevieve Mendoza,100,7/20/2026,Pass
a3TUS00000B1MME,Design QA,QA-001,Mary Genevieve Mendoza,100,6/3/2026,Pass
a3TUS00000B1pK1,Design QA,QA-001,Mary Genevieve Mendoza,100,7/31/2026,Pass
a3TUS00000B1aZk,Design QA,QA-001,Mary Genevieve Mendoza,100,8/14/2026,Pass
a3TUS00000B1j7T,Design QA,QA-001,Mary Genevieve Mendoza,100,6/17/2026,Pass
a3TUS00000B1Og7,Design QA,QA-001,Mary Genevieve Mendoza,100,6/25/2026,Pass
a3TUS00000B1u7L,Design QA,QA-001,Mary Genevieve Mendoza,100,6/16/2026,Pass
a3TUS00000B1W4d,Design QA,QA-001,Mary Genevieve Mendoza,100,6/3/2026,Pass
a3TiL0000005ZbR,Design QA,QA-001,Mary Genevieve Mendoza,99,9/10/2026,Fail
a3TUS00000B19G2,Design QA,QA-001,Mary Genevieve Mendoza,100,8/11/2026,Pass
a3TUS00000Blmne,Design QA,QA-001,Mary Genevieve Mendoza,100,7/24/2026,Pass
a3TUS00000B1ZLr,Design QA,QA-001,Mary Genevieve Mendoza,100,6/25/2026,Pass
a3TUS00000B18Fi,Design QA,QA-001,Mary Genevieve Mendoza,100,8/12/2026,Pass
a3TUS00000B0t50,Design QA,QA-001,Mary Genevieve Mendoza,100,6/1/2026,Pass
a3TUS00000B1W7a,Design QA,QA-001,Mary Genevieve Mendoza,99,7/2/2026,Fail
a3TUS00000B11eL,Design QA,QA-001,Mary Genevieve Mendoza,100,8/20/2026,Pass
a3TUS00000Bry7q,Design QA,QA-001,Mary Genevieve Mendoza,100,7/21/2026,Pass
a3TUS00000B1c2c,Design QA,QA-001,Mary Genevieve Mendoza,100,6/25/2026,Pass
a3TiL0000003TYX,Design QA,QA-001,Mary Genevieve Mendoza,100,9/7/2026,Pass
a3TiL0000003TYY,Design QA,QA-001,Mary Genevieve Mendoza,98,9/7/2026,Fail
a3TUS00000BCRuB,Design QA,QA-001,Mary Genevieve Mendoza,100,6/5/2026,Pass
a3TUS00000BCRuF,Design QA,QA-001,Mary Genevieve Mendoza,100,6/5/2026,Pass
a3TUS00000BCRuD,Design QA,QA-001,Mary Genevieve Mendoza,100,6/5/2026,Pass
a3TUS00000BCRuE,Design QA,QA-001,Mary Genevieve Mendoza,100,6/5/2026,Pass
a3TUS00000BCRuG,Design QA,QA-001,Mary Genevieve Mendoza,100,6/5/2026,Pass
a3TUS00000BCRu9,Design QA,QA-001,Mary Genevieve Mendoza,100,6/8/2026,Pass
a3TUS00000BCRuC,Design QA,QA-001,Mary Genevieve Mendoza,100,6/5/2026,Pass
a3TUS00000BCRuA,Design QA,QA-001,Mary Genevieve Mendoza,100,6/8/2026,Pass
a3TUS00000B1G6B,Design QA,QA-001,Mary Genevieve Mendoza,100,8/20/2026,Pass
a3TUS00000B0yQw,Design QA,QA-001,Mary Genevieve Mendoza,100,7/24/2026,Pass
a3TUS00000B0wxO,Design QA,QA-001,Mary Genevieve Mendoza,100,8/17/2026,Pass
a3TiL0000000Caf,Design QA,QA-001,Mary Genevieve Mendoza,100,8/28/2026,Pass
a3TUS00000B1dVq,Design QA,QA-001,Mary Genevieve Mendoza,100,8/11/2026,Pass
a3TUS00000BIlGf,Design QA,QA-001,Mary Genevieve Mendoza,100,6/11/2026,Pass
a3TUS00000B1hfr,Design QA,QA-001,Mary Genevieve Mendoza,100,8/12/2026,Pass
a3TUS00000B1DmF,Design QA,QA-001,Mary Genevieve Mendoza,100,8/28/2026,Pass
a3TUS00000B0tYQ,Design QA,QA-001,Mary Genevieve Mendoza,100,8/12/2026,Pass
a3TUS00000BB7uK,Design QA,QA-001,Mary Genevieve Mendoza,100,6/4/2026,Pass
a3TUS00000B13C3,Design QA,QA-001,Mary Genevieve Mendoza,98,5/26/2026,Fail
a3TUS00000B0zrk,Design QA,QA-001,Mary Genevieve Mendoza,100,5/26/2026,Pass
a3TUS00000B1L3K,Design QA,QA-001,Mary Genevieve Mendoza,100,8/18/2026,Pass
a3TUS00000B0zLm,Design QA,QA-001,Mary Genevieve Mendoza,100,7/29/2026,Pass
a3TUS00000B1HYb,Design QA,QA-001,Mary Genevieve Mendoza,100,8/5/2026,Pass
a3TUS00000B1BOe,Design QA,QA-001,Mary Genevieve Mendoza,100,6/17/2026,Pass
a3TUS00000BB7uI,Design QA,QA-001,Mary Genevieve Mendoza,100,6/8/2026,Pass
a3TUS00000BB7uL,Design QA,QA-001,Mary Genevieve Mendoza,100,6/3/2026,Pass
a3TUS00000BB7uH,Design QA,QA-001,Mary Genevieve Mendoza,100,6/8/2026,Pass
a3TUS00000BB7uJ,Design QA,QA-001,Mary Genevieve Mendoza,100,6/4/2026,Pass
a3TUS00000B0qXX,Design QA,QA-001,Mary Genevieve Mendoza,100,6/17/2026,Pass
a3TUS00000B1Yfd,Design QA,QA-001,Mary Genevieve Mendoza,100,8/19/2026,Pass
a3TUS00000B1sum,Design QA,QA-001,Mary Genevieve Mendoza,100,5/29/2026,Pass
a3TUS00000B1HWj,Design QA,QA-001,Mary Genevieve Mendoza,100,6/15/2026,Pass
a3TUS00000B1MR8,Design QA,QA-001,Mary Genevieve Mendoza,100,6/24/2026,Pass
a3TUS00000B1ZpQ,Design QA,QA-001,Mary Genevieve Mendoza,100,6/25/2026,Pass
a3TUS00000B10qO,Design QA,QA-001,Mary Genevieve Mendoza,100,5/26/2026,Pass
a3TUS00000B1dSE,Design QA,QA-001,Mary Genevieve Mendoza,100,8/20/2026,Pass
a3TUS00000B1oe7,Design QA,QA-001,Mary Genevieve Mendoza,100,6/5/2026,Pass
a3TUS00000B1ZEl,Design QA,QA-001,Mary Genevieve Mendoza,100,6/15/2026,Pass
a3TUS00000B1b6p,Design QA,QA-001,Mary Genevieve Mendoza,100,7/21/2026,Pass
a3TUS00000B1r7n,Design QA,QA-001,Mary Genevieve Mendoza,100,8/20/2026,Pass
a3TUS00000B1IDq,Design QA,QA-001,Mary Genevieve Mendoza,100,6/17/2026,Pass
a3TUS00000B1GEF,Design QA,QA-001,Mary Genevieve Mendoza,100,6/1/2026,Pass
a3TUS00000B0tMo,Design QA,QA-001,Mary Genevieve Mendoza,100,8/19/2026,Pass
a3TUS00000BB8C5,Design QA,QA-001,Mary Genevieve Mendoza,100,6/8/2026,Pass
a3TUS00000B1aux,Design QA,QA-001,Mary Genevieve Mendoza,100,6/17/2026,Pass
a3TUS00000B1c49,Design QA,QA-001,Mary Genevieve Mendoza,100,8/28/2026,Pass
a3TUS00000B1Wtm,Design QA,QA-001,Mary Genevieve Mendoza,100,6/25/2026,Pass
a3TUS00000B1gE8,Design QA,QA-001,Mary Genevieve Mendoza,100,6/5/2026,Pass
a3TUS00000B1ZSo,Design QA,QA-001,Mary Genevieve Mendoza,100,8/14/2026,Pass
a3TUS00000B10sZ,Design QA,QA-001,Mary Genevieve Mendoza,100,6/17/2026,Pass
a3TUS00000B1KND,Design QA,QA-001,Mary Genevieve Mendoza,100,5/29/2026,Pass
a3TiL0000006Vh5,Design QA,QA-001,Mary Genevieve Mendoza,100,9/16/2026,Pass
a3TUS00000B0uTn,Design QA,QA-001,Mary Genevieve Mendoza,100,6/15/2026,Pass
a3TUS00000B0xvg,Design QA,QA-001,Mary Genevieve Mendoza,100,9/2/2026,Pass
a3TUS00000B0vZZ,Design QA,QA-001,Mary Genevieve Mendoza,100,6/16/2026,Pass
a3TiL0000000BwL,Design QA,QA-001,Mary Genevieve Mendoza,100,9/4/2026,Pass
a3TUS00000B1FSc,Design QA,QA-001,Mary Genevieve Mendoza,100,6/24/2026,Pass
a3TUS00000B0pyl,Design QA,QA-001,Mary Genevieve Mendoza,100,6/5/2026,Pass
a3TUS00000B0nag,Design QA,QA-001,Mary Genevieve Mendoza,100,7/2/2026,Pass
a3TUS00000BB8C2,Design QA,QA-001,Mary Genevieve Mendoza,100,6/4/2026,Pass
a3TUS00000B1gRu,Design QA,QA-001,Mary Genevieve Mendoza,100,8/18/2026,Pass
a3TiL0000000Bxx,Design QA,QA-001,Mary Genevieve Mendoza,100,9/4/2026,Pass
a3TUS00000BB8C1,Design QA,QA-001,Mary Genevieve Mendoza,98,6/4/2026,Fail
a3TUS00000BB8C3,Design QA,QA-001,Mary Genevieve Mendoza,100,6/10/2026,Pass
a3TUS00000B1cut,Design QA,QA-001,Mary Genevieve Mendoza,99,8/3/2026,Pass
a3TUS00000BB8C4,Design QA,QA-001,Mary Genevieve Mendoza,100,6/10/2026,Pass
a3TUS00000B13gg,Design QA,QA-001,Mary Genevieve Mendoza,100,6/25/2026,Pass
a3TUS00000B0sYQ,Design QA,QA-001,Mary Genevieve Mendoza,100,6/16/2026,Pass
a3TiL0000000Bxy,Design QA,QA-001,Mary Genevieve Mendoza,98,9/4/2026,Fail
a3TUS00000B1e4S,Design QA,QA-001,Mary Genevieve Mendoza,100,6/4/2026,Pass
a3TUS00000B11Sj,Design QA,QA-001,Mary Genevieve Mendoza,100,8/11/2026,Pass
a3TUS00000B1EMH,Design QA,QA-001,Mary Genevieve Mendoza,100,9/16/2026,Pass
a3TUS00000B1JpY,Design QA,QA-001,Mary Genevieve Mendoza,100,8/19/2026,Pass
a3TUS00000B1Yyz,Design QA,QA-001,Mary Genevieve Mendoza,100,8/11/2026,Pass
a3TUS00000B1Qbf,Design QA,QA-001,Mary Genevieve Mendoza,100,8/24/2026,Pass
a3TUS00000B1K9g,Design QA,QA-001,Mary Genevieve Mendoza,100,6/2/2026,Pass
a3TUS00000B1opO,Design QA,QA-001,Mary Genevieve Mendoza,100,9/1/2026,Pass
a3TUS00000B1VTG,Design QA,QA-001,Mary Genevieve Mendoza,100,6/4/2026,Pass
a3TUS00000BIXbw,Design QA,QA-001,Mary Genevieve Mendoza,100,6/11/2026,Pass
a3TUS00000BIXbu,Design QA,QA-001,Mary Genevieve Mendoza,100,6/11/2026,Pass
a3TUS00000B0slH,Design QA,QA-001,Mary Genevieve Mendoza,100,7/30/2026,Pass
a3TUS00000B1et0,Design QA,QA-001,Mary Genevieve Mendoza,100,6/16/2026,Pass
a3TUS00000BIXbv,Design QA,QA-001,Mary Genevieve Mendoza,100,6/11/2026,Pass
a3TUS00000B1fjz,Design QA,QA-001,Mary Genevieve Mendoza,100,6/1/2026,Pass
a3TUS00000B3MQi,Design QA,QA-001,Mary Genevieve Mendoza,100,5/28/2026,Pass
a3TUS00000B3MQg,Design QA,QA-001,Mary Genevieve Mendoza,100,5/28/2026,Pass
a3TUS00000B1a9u,Design QA,QA-001,Mary Genevieve Mendoza,100,6/15/2026,Pass
a3TUS00000B3MQh,Design QA,QA-001,Mary Genevieve Mendoza,100,5/28/2026,Pass
a3TUS00000B3MQf,Design QA,QA-001,Mary Genevieve Mendoza,100,5/28/2026,Pass
a3TUS00000B0ojW,Design QA,QA-001,Mary Genevieve Mendoza,100,8/11/2026,Pass
a3TUS00000B0rMf,Design QA,QA-001,Mary Genevieve Mendoza,100,8/3/2026,Pass
a3TUS00000B0yA0,Design QA,QA-001,Mary Genevieve Mendoza,100,6/3/2026,Pass
a3TUS00000B1Ze8,Design QA,QA-001,Mary Genevieve Mendoza,100,8/6/2026,Pass
a3TUS00000B1oD6,Design QA,QA-001,Mary Genevieve Mendoza,100,6/4/2026,Pass
a3TUS00000B1LQP,Design QA,QA-001,Mary Genevieve Mendoza,100,6/1/2026,Pass
a3TUS00000B11oD,Design QA,QA-001,Mary Genevieve Mendoza,100,6/1/2026,Pass
a3TUS00000B1VkP,Design QA,QA-001,Mary Genevieve Mendoza,100,5/26/2026,Pass
a3TUS00000B3jVJ,Design QA,QA-001,Mary Genevieve Mendoza,98,5/28/2026,Fail
a3TUS00000B1kku,Design QA,QA-001,Mary Genevieve Mendoza,100,9/8/2026,Pass
a3TUS00000B1Ghd,Design QA,QA-001,Mary Genevieve Mendoza,100,6/25/2026,Pass
a3TUS00000B1nOc,Design QA,QA-001,Mary Genevieve Mendoza,100,5/26/2026,Pass
a3TUS00000B1pdk,Design QA,QA-001,Mary Genevieve Mendoza,100,6/15/2026,Pass
a3TUS00000B3jVK,Design QA,QA-001,Mary Genevieve Mendoza,100,5/29/2026,Pass
a3TUS00000B1ajd,Design QA,QA-001,Mary Genevieve Mendoza,100,5/29/2026,Pass
a3TUS00000B16Co,Design QA,QA-001,Mary Genevieve Mendoza,100,6/3/2026,Pass
a3TUS00000B1rvL,Design QA,QA-001,Mary Genevieve Mendoza,100,8/27/2026,Pass
a3TUS00000B1udF,Design QA,QA-001,Mary Genevieve Mendoza,100,9/1/2026,Pass
a3TUS00000B0wn5,Design QA,QA-001,Mary Genevieve Mendoza,100,9/11/2026,Pass
a3TUS00000B13CT,Design QA,QA-001,Mary Genevieve Mendoza,100,6/8/2026,Pass
a3TUS00000B1nTW,Design QA,QA-001,Mary Genevieve Mendoza,99,7/16/2026,Fail
a3TUS00000B1jSn,Design QA,QA-001,Mary Genevieve Mendoza,100,8/28/2026,Pass
a3TUS00000B1eyy,Design QA,QA-001,Mary Genevieve Mendoza,100,5/28/2026,Pass
a3TUS00000B14Ma,Design QA,QA-001,Mary Genevieve Mendoza,100,9/15/2026,Pass
a3TUS00000B1VQ7,Design QA,QA-001,Mary Genevieve Mendoza,100,9/2/2026,Pass
a3TUS00000B1hLH,Design QA,QA-001,Mary Genevieve Mendoza,100,6/29/2026,Pass
a3TUS00000B1Jm9,Design QA,QA-001,Mary Genevieve Mendoza,100,5/28/2026,Pass
a3TUS00000BITTR,Design QA,QA-001,Mary Genevieve Mendoza,100,6/11/2026,Pass
a3TUS00000B19Fb,Design QA,QA-001,Mary Genevieve Mendoza,98,7/2/2026,Fail
a3TUS00000B1Bjg,Design QA,QA-001,Mary Genevieve Mendoza,100,6/25/2026,Pass
a3TUS00000B18UD,Design QA,QA-001,Mary Genevieve Mendoza,100,9/2/2026,Pass
a3TUS00000B1JOn,Design QA,QA-001,Mary Genevieve Mendoza,100,5/26/2026,Pass
a3TUS00000B1J6b,Design QA,QA-001,Mary Genevieve Mendoza,100,8/12/2026,Pass
a3TUS00000B1eOf,Design QA,QA-001,Mary Genevieve Mendoza,100,9/2/2026,Pass
a3TUS00000BKcNl,Design QA,QA-001,Mary Genevieve Mendoza,100,6/16/2026,Pass
a3TUS00000Bj3Mn,Design QA,QA-001,Mary Genevieve Mendoza,100,7/15/2026,Pass
a3TUS00000BKcNm,Design QA,QA-001,Mary Genevieve Mendoza,100,6/16/2026,Pass
a3TUS00000B1q0c,Design QA,QA-001,Mary Genevieve Mendoza,100,7/31/2026,Pass
a3TUS00000B1O7R,Design QA,QA-001,Mary Genevieve Mendoza,100,6/25/2026,Pass
a3TUS00000BKjkD,Design QA,QA-001,Mary Genevieve Mendoza,100,6/16/2026,Pass
a3TUS00000BKjkF,Design QA,QA-001,Mary Genevieve Mendoza,100,6/18/2026,Pass
a3TUS00000BKjkG,Design QA,QA-001,Mary Genevieve Mendoza,100,6/18/2026,Pass
a3TUS00000BCydB,Design QA,QA-001,Mary Genevieve Mendoza,99,6/8/2026,Fail
a3TUS00000BKjkE,Design QA,QA-001,Mary Genevieve Mendoza,100,6/25/2026,Pass
a3TUS00000B0rLI,Design QA,QA-001,Mary Genevieve Mendoza,100,7/2/2026,Pass
a3TUS00000BCz30,Design QA,QA-001,Mary Genevieve Mendoza,99,6/8/2026,Fail
a3TUS00000BCz2z,Design QA,QA-001,Mary Genevieve Mendoza,100,6/8/2026,Pass
a3TUS00000BKgzF,Design QA,QA-001,Mary Genevieve Mendoza,100,6/16/2026,Pass
a3TUS00000B0pKN,Design QA,QA-001,Mary Genevieve Mendoza,100,6/11/2026,Pass
a3TUS00000B1O7d,Design QA,QA-001,Mary Genevieve Mendoza,100,6/16/2026,Pass
a3TUS00000B1YG2,Design QA,QA-001,Mary Genevieve Mendoza,100,8/11/2026,Pass
a3TUS00000B0wGG,Design QA,QA-001,Mary Genevieve Mendoza,100,6/16/2026,Pass
a3TUS00000B1gG6,Design QA,QA-001,Mary Genevieve Mendoza,100,6/15/2026,Pass
a3TUS00000B16Gb,Design QA,QA-001,Mary Genevieve Mendoza,100,8/12/2026,Pass
a3TUS00000BD0VO,Design QA,QA-001,Mary Genevieve Mendoza,100,6/9/2026,Pass
a3TUS00000BD0VM,Design QA,QA-001,Mary Genevieve Mendoza,98,6/9/2026,Fail
a3TUS00000BD0VK,Design QA,QA-001,Mary Genevieve Mendoza,100,6/9/2026,Pass
a3TUS00000BD0VN,Design QA,QA-001,Mary Genevieve Mendoza,99,6/9/2026,Fail
a3TUS00000BD0VL,Design QA,QA-001,Mary Genevieve Mendoza,100,6/9/2026,Pass
a3TUS00000BD0VJ,Design QA,QA-001,Mary Genevieve Mendoza,100,6/8/2026,Pass
a3TUS00000B0vGS,Design QA,QA-001,Mary Genevieve Mendoza,100,6/3/2026,Pass
a3TUS00000Bj1zK,Design QA,QA-001,Mary Genevieve Mendoza,100,7/15/2026,Pass
a3TUS00000B1lQY,Design QA,QA-001,Mary Genevieve Mendoza,98,9/2/2026,Fail
a3TUS00000B14kY,Design QA,QA-001,Mary Genevieve Mendoza,100,6/15/2026,Pass
a3TiL0000000BgD,Design QA,QA-001,Mary Genevieve Mendoza,98,9/3/2026,Fail
a3TUS00000B175m,Design QA,QA-001,Mary Genevieve Mendoza,100,7/27/2026,Pass
a3TUS00000B0wfC,Design QA,QA-001,Mary Genevieve Mendoza,98,6/18/2026,Fail
a3TUS00000B1J4H,Design QA,QA-001,Mary Genevieve Mendoza,100,6/1/2026,Pass
a3TUS00000B0wfQ,Design QA,QA-001,Mary Genevieve Mendoza,100,6/16/2026,Pass
a3TUS00000B1kxZ,Design QA,QA-001,Mary Genevieve Mendoza,100,8/11/2026,Pass
a3TUS00000B1H6F,Design QA,QA-001,Mary Genevieve Mendoza,100,6/1/2026,Pass
a3TUS00000B1Epv,Design QA,QA-001,Mary Genevieve Mendoza,100,5/26/2026,Pass
a3TUS00000BCRsX,Design QA,QA-001,Mary Genevieve Mendoza,100,6/5/2026,Pass
a3TUS00000BCRsY,Design QA,QA-001,Mary Genevieve Mendoza,98,6/5/2026,Fail
a3TUS00000BCRsa,Design QA,QA-001,Mary Genevieve Mendoza,100,6/5/2026,Pass
a3TUS00000B0yBM,Design QA,QA-001,Mary Genevieve Mendoza,100,6/1/2026,Pass
a3TUS00000B1LDA,Design QA,QA-001,Mary Genevieve Mendoza,100,9/2/2026,Pass
a3TUS00000B1YsG,Design QA,QA-001,Mary Genevieve Mendoza,99,7/21/2026,Fail
a3TUS00000B51bV,Design QA,QA-001,Mary Genevieve Mendoza,100,5/29/2026,Pass
a3TUS00000B13Qp,Design QA,QA-001,Mary Genevieve Mendoza,98,8/3/2026,Fail
a3TUS00000B179u,Design QA,QA-001,Mary Genevieve Mendoza,100,6/1/2026,Pass
a3TUS00000B1ADY,Design QA,QA-001,Mary Genevieve Mendoza,100,5/28/2026,Pass
a3TUS00000B1A8k,Design QA,QA-001,Mary Genevieve Mendoza,100,8/20/2026,Pass
a3TUS00000B51bU,Design QA,QA-001,Mary Genevieve Mendoza,100,5/29/2026,Pass
a3TiL0000006Mic,Design QA,QA-001,Mary Genevieve Mendoza,100,9/11/2026,Pass
a3TiL0000006Mid,Design QA,QA-001,Mary Genevieve Mendoza,100,9/11/2026,Pass
a3TiL0000006Mib,Design QA,QA-001,Mary Genevieve Mendoza,100,9/11/2026,Pass
a3TUS00000B1cm4,Design QA,QA-001,Mary Genevieve Mendoza,100,6/1/2026,Pass
a3TUS00000B11Rt,Design QA,QA-001,Mary Genevieve Mendoza,100,6/30/2026,Pass
a3TUS00000B51bR,Design QA,QA-001,Mary Genevieve Mendoza,100,5/29/2026,Pass
a3TUS00000B1ZI7,Design QA,QA-001,Mary Genevieve Mendoza,100,8/19/2026,Pass
a3TUS00000B1OLN,Design QA,QA-001,Mary Genevieve Mendoza,100,7/29/2026,Pass
a3TUS00000B51bS,Design QA,QA-001,Mary Genevieve Mendoza,100,5/29/2026,Pass
a3TUS00000B1heN,Design QA,QA-001,Mary Genevieve Mendoza,100,8/28/2026,Pass
a3TUS00000BCRsb,Design QA,QA-001,Mary Genevieve Mendoza,100,6/5/2026,Pass
a3TUS00000BCRsZ,Design QA,QA-001,Mary Genevieve Mendoza,100,6/5/2026,Pass
a3TUS00000BCRsd,Design QA,QA-001,Mary Genevieve Mendoza,100,6/5/2026,Pass
a3TUS00000BCRse,Design QA,QA-001,Mary Genevieve Mendoza,100,6/4/2026,Pass
a3TUS00000BCRsc,Design QA,QA-001,Mary Genevieve Mendoza,100,6/5/2026,Pass
a3TUS00000B15pJ,Design QA,QA-001,Mary Genevieve Mendoza,100,6/5/2026,Pass
a3TUS00000B1tJQ,Design QA,QA-001,Mary Genevieve Mendoza,100,8/12/2026,Pass
a3TUS00000B1YRH,Design QA,QA-001,Mary Genevieve Mendoza,100,7/27/2026,Pass
a3TUS00000B0vfk,Design QA,QA-001,Mary Genevieve Mendoza,100,5/26/2026,Pass
a3TUS00000B1EnQ,Design QA,QA-001,Mary Genevieve Mendoza,99,7/21/2026,Fail
a3TUS00000B51bT,Design QA,QA-001,Mary Genevieve Mendoza,98,5/29/2026,Fail
a3TUS00000B1WLS,Design QA,QA-001,Mary Genevieve Mendoza,100,7/29/2026,Pass
a3TUS00000B0mR3,Design QA,QA-001,Mary Genevieve Mendoza,100,6/1/2026,Pass
a3TUS00000B1wzj,Design QA,QA-001,Mary Genevieve Mendoza,100,6/2/2026,Pass
a3TUS00000B1f2y,Design QA,QA-001,Mary Genevieve Mendoza,100,5/26/2026,Pass
a3TUS00000B1sB2,Design QA,QA-001,Mary Genevieve Mendoza,100,8/6/2026,Pass
a3TUS00000B1sAv,Design QA,QA-001,Mary Genevieve Mendoza,100,8/6/2026,Pass
a3TUS00000B1kDo,Design QA,QA-001,Mary Genevieve Mendoza,100,8/12/2026,Pass
a3TUS00000B1DQc,Design QA,QA-001,Mary Genevieve Mendoza,100,6/3/2026,Pass
a3TUS00000B1sAy,Design QA,QA-001,Mary Genevieve Mendoza,100,8/6/2026,Pass
a3TUS00000B1sAz,Design QA,QA-001,Mary Genevieve Mendoza,100,7/22/2026,Pass
a3TUS00000B0x4A,Design QA,QA-001,Mary Genevieve Mendoza,100,5/26/2026,Pass
a3TUS00000B1U7i,Design QA,QA-001,Mary Genevieve Mendoza,100,6/24/2026,Pass
a3TUS00000B1sBF,Design QA,QA-001,Mary Genevieve Mendoza,100,8/6/2026,Pass
a3TUS00000B1sB7,Design QA,QA-001,Mary Genevieve Mendoza,100,7/22/2026,Pass
a3TUS00000B1sB8,Design QA,QA-001,Mary Genevieve Mendoza,100,6/3/2026,Pass
a3TUS00000B1hdw,Design QA,QA-001,Mary Genevieve Mendoza,100,5/29/2026,Pass
a3TUS00000C99oP,Design QA,QA-001,Mary Genevieve Mendoza,100,8/5/2026,Pass
a3TUS00000C99oQ,Design QA,QA-001,Mary Genevieve Mendoza,100,8/4/2026,Pass
a3TUS00000C99oL,Design QA,QA-001,Mary Genevieve Mendoza,97,8/4/2026,Fail
a3TUS00000B15yN,Design QA,QA-001,Mary Genevieve Mendoza,100,5/26/2026,Pass
a3TUS00000C99oO,Design QA,QA-001,Mary Genevieve Mendoza,100,8/4/2026,Pass
a3TUS00000C99oM,Design QA,QA-001,Mary Genevieve Mendoza,98,8/4/2026,Fail
a3TUS00000C99oN,Design QA,QA-001,Mary Genevieve Mendoza,100,8/4/2026,Pass
a3TUS00000B1E1g,Design QA,QA-001,Mary Genevieve Mendoza,100,6/16/2026,Pass
a3TUS00000B1XVK,Design QA,QA-001,Mary Genevieve Mendoza,100,6/3/2026,Pass
a3TUS00000B1wzv,Design QA,QA-001,Mary Genevieve Mendoza,100,6/3/2026,Pass
a3TUS00000B1wzt,Design QA,QA-001,Mary Genevieve Mendoza,100,7/22/2026,Pass
a3TUS00000B1wzm,Design QA,QA-001,Mary Genevieve Mendoza,100,6/2/2026,Pass
a3TUS00000B12KT,Design QA,QA-001,Mary Genevieve Mendoza,100,8/19/2026,Pass
a3TUS00000B1wzl,Design QA,QA-001,Mary Genevieve Mendoza,100,6/3/2026,Pass
a3TUS00000B1wzx,Design QA,QA-001,Mary Genevieve Mendoza,100,6/3/2026,Pass
a3TUS00000CC9jl,Design QA,QA-001,Mary Genevieve Mendoza,100,8/6/2026,Pass
a3TUS00000B1XQy,Design QA,QA-001,Mary Genevieve Mendoza,100,6/5/2026,Pass
a3TUS00000B0vBa,Design QA,QA-001,Mary Genevieve Mendoza,100,6/16/2026,Pass
a3TUS00000B1XdU,Design QA,QA-001,Mary Genevieve Mendoza,100,9/3/2026,Pass
a3TUS00000B1R1d,Design QA,QA-001,Mary Genevieve Mendoza,100,7/1/2026,Pass
a3TUS00000B16Rq,Design QA,QA-001,Mary Genevieve Mendoza,100,8/28/2026,Pass
a3TUS00000B11NJ,Design QA,QA-001,Mary Genevieve Mendoza,100,7/2/2026,Pass
a3TiL0000006Mc9,Design QA,QA-001,Mary Genevieve Mendoza,100,9/11/2026,Pass
a3TUS00000B1iQk,Design QA,QA-001,Mary Genevieve Mendoza,100,6/3/2026,Pass
a3TUS00000B1XTu,Design QA,QA-001,Mary Genevieve Mendoza,100,9/2/2026,Pass
a3TUS00000B13vf,Design QA,QA-001,Mary Genevieve Mendoza,100,6/17/2026,Pass
a3TUS00000B1VTp,Design QA,QA-001,Mary Genevieve Mendoza,100,5/26/2026,Pass
a3TUS00000B0yDE,Design QA,QA-001,Mary Genevieve Mendoza,100,7/28/2026,Pass
a3TUS00000B0rum,Design QA,QA-001,Mary Genevieve Mendoza,100,6/16/2026,Pass
a3TUS00000B1sUl,Design QA,QA-001,Mary Genevieve Mendoza,100,6/1/2026,Pass
a3TUS00000B188y,Design QA,QA-001,Mary Genevieve Mendoza,100,6/25/2026,Pass
a3TUS00000BYukb,Design QA,QA-001,Mary Genevieve Mendoza,100,9/3/2026,Pass
a3TUS00000B1awJ,Design QA,QA-001,Mary Genevieve Mendoza,100,6/25/2026,Pass
a3TUS00000B1fp3,Design QA,QA-001,Mary Genevieve Mendoza,100,6/17/2026,Pass
a3TUS00000BAaFC,Design QA,QA-001,Mary Genevieve Mendoza,100,6/8/2026,Pass
a3TUS00000BAaFE,Design QA,QA-001,Mary Genevieve Mendoza,100,6/4/2026,Pass
a3TUS00000B1q3N,Design QA,QA-001,Mary Genevieve Mendoza,100,8/3/2026,Pass
a3TUS00000BAaFF,Design QA,QA-001,Mary Genevieve Mendoza,100,6/3/2026,Pass
a3TUS00000BAaFH,Design QA,QA-001,Mary Genevieve Mendoza,100,6/3/2026,Pass
a3TUS00000BAaFD,Design QA,QA-001,Mary Genevieve Mendoza,100,6/4/2026,Pass
a3TUS00000B52e0,Design QA,QA-001,Mary Genevieve Mendoza,100,5/29/2026,Pass
a3TUS00000B52dy,Design QA,QA-001,Mary Genevieve Mendoza,100,5/28/2026,Pass
a3TUS00000B13Mu,Design QA,QA-001,Mary Genevieve Mendoza,100,6/1/2026,Pass
a3TUS00000B52dz,Design QA,QA-001,Mary Genevieve Mendoza,100,5/29/2026,Pass
a3TUS00000B52e1,Design QA,QA-001,Mary Genevieve Mendoza,98,5/29/2026,Fail
a3TUS00000C78d4,Design QA,QA-001,Mary Genevieve Mendoza,98,7/31/2026,Fail
a3TUS00000B1jbp,Design QA,QA-001,Mary Genevieve Mendoza,100,9/2/2026,Pass
a3TUS00000BjAHp,Design QA,QA-001,Mary Genevieve Mendoza,100,7/15/2026,Pass
a3TUS00000C78d5,Design QA,QA-001,Mary Genevieve Mendoza,100,7/31/2026,Pass
a3TUS00000B1ZlS,Design QA,QA-001,Mary Genevieve Mendoza,100,6/1/2026,Pass
a3TUS00000BAaFI,Design QA,QA-001,Mary Genevieve Mendoza,100,6/8/2026,Pass
a3TUS00000BAaFG,Design QA,QA-001,Mary Genevieve Mendoza,100,6/3/2026,Pass
a3TUS00000BjdDN,Design QA,QA-001,Mary Genevieve Mendoza,100,7/15/2026,Pass
a3TUS00000BYpTB,Design QA,QA-001,Mary Genevieve Mendoza,97,6/29/2026,Fail
a3TUS00000B52dx,Design QA,QA-001,Mary Genevieve Mendoza,100,5/28/2026,Pass
a3TUS00000B1Xob,Design QA,QA-001,Mary Genevieve Mendoza,100,6/3/2026,Pass
a3TUS00000B1W1a,Design QA,QA-001,Mary Genevieve Mendoza,100,6/24/2026,Pass
a3TUS00000B1ZoJ,Design QA,QA-001,Mary Genevieve Mendoza,100,8/20/2026,Pass
a3TUS00000B1ly3,Design QA,QA-001,Mary Genevieve Mendoza,100,8/18/2026,Pass
a3TUS00000BYrLJ,Design QA,QA-001,Mary Genevieve Mendoza,100,6/30/2026,Pass
a3TUS00000B1abX,Design QA,QA-001,Mary Genevieve Mendoza,100,6/25/2026,Pass
a3TUS00000B1N1q,Design QA,QA-001,Mary Genevieve Mendoza,100,6/17/2026,Pass
a3TUS00000B1uem,Design QA,QA-001,Mary Genevieve Mendoza,100,9/2/2026,Pass
a3TUS00000B1DeR,Design QA,QA-001,Mary Genevieve Mendoza,100,6/5/2026,Pass
a3TUS00000B1VrB,Design QA,QA-001,Mary Genevieve Mendoza,100,9/2/2026,Pass
a3TUS00000B1awb,Design QA,QA-001,Mary Genevieve Mendoza,100,8/20/2026,Pass
a3TUS00000B1HE4,Design QA,QA-001,Mary Genevieve Mendoza,100,8/12/2026,Pass
a3TUS00000B1Vqm,Design QA,QA-001,Mary Genevieve Mendoza,100,9/2/2026,Pass
a3TUS00000CCMXM,Design QA,QA-001,Mary Genevieve Mendoza,99,8/17/2026,Fail
a3TUS00000CCMXL,Design QA,QA-001,Mary Genevieve Mendoza,99,8/17/2026,Fail
a3TUS00000B1tUe,Design QA,QA-001,Mary Genevieve Mendoza,100,6/3/2026,Pass
a3TUS00000B1H2Z,Design QA,QA-001,Mary Genevieve Mendoza,100,8/11/2026,Pass
a3TiL0000000C2o,Design QA,QA-001,Mary Genevieve Mendoza,100,8/20/2026,Pass
a3TiL0000000C4Q,Design QA,QA-001,Mary Genevieve Mendoza,98,9/4/2026,Fail
a3TUS00000BYtN8,Design QA,QA-001,Mary Genevieve Mendoza,100,6/29/2026,Pass
a3TUS00000BTXFB,Design QA,QA-001,Mary Genevieve Mendoza,100,6/23/2026,Pass
a3TiL0000000C2n,Design QA,QA-001,Mary Genevieve Mendoza,100,8/18/2026,Pass
a3TiL0000000C4P,Design QA,QA-001,Mary Genevieve Mendoza,98,9/4/2026,Fail
a3TUS00000BjOB9,Design QA,QA-001,Mary Genevieve Mendoza,100,7/15/2026,Pass
a3TUS00000BTXFC,Design QA,QA-001,Mary Genevieve Mendoza,100,6/23/2026,Pass
a3TUS00000BTXFE,Design QA,QA-001,Mary Genevieve Mendoza,100,6/23/2026,Pass
a3TUS00000B0wSN,Design QA,QA-001,Mary Genevieve Mendoza,100,5/28/2026,Pass
a3TUS00000BTXFD,Design QA,QA-001,Mary Genevieve Mendoza,100,6/23/2026,Pass
